DateTime,Players
30/11/2011,680
01/12/2011,
02/12/2011,
03/12/2011,
04/12/2011,
05/12/2011,
06/12/2011,
07/12/2011,
08/12/2011,
09/12/2011,
10/12/2011,
11/12/2011,
12/12/2011,
13/12/2011,
14/12/2011,
15/12/2011,
16/12/2011,
17/12/2011,
18/12/2011,
19/12/2011,
20/12/2011,
21/12/2011,
22/12/2011,
23/12/2011,
24/12/2011,
25/12/2011,
26/12/2011,
27/12/2011,
28/12/2011,
29/12/2011,
30/12/2011,
31/12/2011,
01/01/2012,
02/01/2012,
03/01/2012,
04/01/2012,
05/01/2012,
06/01/2012,
07/01/2012,
08/01/2012,
09/01/2012,
10/01/2012,
11/01/2012,
12/01/2012,
13/01/2012,
14/01/2012,
15/01/2012,
16/01/2012,
17/01/2012,
18/01/2012,
19/01/2012,
20/01/2012,
21/01/2012,
22/01/2012,
23/01/2012,
24/01/2012,
25/01/2012,
26/01/2012,
27/01/2012,
28/01/2012,
29/01/2012,
30/01/2012,
31/01/2012,
01/02/2012,
02/02/2012,
03/02/2012,
04/02/2012,
05/02/2012,
06/02/2012,
07/02/2012,
08/02/2012,
09/02/2012,
10/02/2012,
11/02/2012,
12/02/2012,
13/02/2012,
14/02/2012,
15/02/2012,
16/02/2012,
17/02/2012,
18/02/2012,
19/02/2012,
20/02/2012,
21/02/2012,
22/02/2012,
23/02/2012,
24/02/2012,
25/02/2012,
26/02/2012,
27/02/2012,
28/02/2012,204
29/02/2012,
01/03/2012,
02/03/2012,
03/03/2012,
04/03/2012,
05/03/2012,
06/03/2012,
07/03/2012,
08/03/2012,
09/03/2012,460
10/03/2012,
11/03/2012,
12/03/2012,
13/03/2012,
14/03/2012,
15/03/2012,
16/03/2012,728
17/03/2012,678
18/03/2012,570
19/03/2012,448
20/03/2012,225
21/03/2012,421
22/03/2012,653
23/03/2012,1035
24/03/2012,1081
25/03/2012,848
26/03/2012,700
27/03/2012,572
28/03/2012,537
29/03/2012,1263
30/03/2012,1238
31/03/2012,1041
01/04/2012,834
02/04/2012,674
03/04/2012,603
04/04/2012,539
05/04/2012,490
06/04/2012,
07/04/2012,
08/04/2012,
09/04/2012,
10/04/2012,
11/04/2012,
12/04/2012,
13/04/2012,1895
14/04/2012,1899
15/04/2012,1472
16/04/2012,1122
17/04/2012,903
18/04/2012,896
19/04/2012,793
20/04/2012,1027
21/04/2012,1135
22/04/2012,876
23/04/2012,742
24/04/2012,654
25/04/2012,620
26/04/2012,574
27/04/2012,1058
28/04/2012,1036
29/04/2012,927
30/04/2012,739
01/05/2012,657
02/05/2012,596
03/05/2012,586
04/05/2012,720
05/05/2012,716
06/05/2012,691
07/05/2012,562
08/05/2012,488
09/05/2012,450
10/05/2012,465
11/05/2012,1764
12/05/2012,1498
13/05/2012,1234
14/05/2012,950
15/05/2012,749
16/05/2012,663
17/05/2012,665
18/05/2012,1829
19/05/2012,1845
20/05/2012,1389
21/05/2012,2097
22/05/2012,1985
23/05/2012,1800
24/05/2012,1457
25/05/2012,1444
26/05/2012,1310
27/05/2012,1254
28/05/2012,1158
29/05/2012,1104
30/05/2012,1083
31/05/2012,968
01/06/2012,2919
02/06/2012,2732
03/06/2012,2329
04/06/2012,1987
05/06/2012,1736
06/06/2012,1619
07/06/2012,1549
08/06/2012,1381
09/06/2012,1342
10/06/2012,1282
11/06/2012,1302
12/06/2012,1219
13/06/2012,1289
14/06/2012,1147
15/06/2012,1173
16/06/2012,1194
17/06/2012,1129
18/06/2012,1096
19/06/2012,1078
20/06/2012,1228
21/06/2012,1169
22/06/2012,1359
23/06/2012,2167
24/06/2012,1440
25/06/2012,1392
26/06/2012,1232
27/06/2012,937
28/06/2012,1010
29/06/2012,1123
30/06/2012,1194
01/07/2012,1642
02/07/2012,1140
03/07/2012,1117
04/07/2012,1032
05/07/2012,992
06/07/2012,1870
07/07/2012,1883
08/07/2012,1883
09/07/2012,1674
10/07/2012,1501
11/07/2012,1437
12/07/2012,1972
13/07/2012,1969
14/07/2012,1882
15/07/2012,1804
16/07/2012,1666
17/07/2012,1623
18/07/2012,1543
19/07/2012,1504
20/07/2012,1395
21/07/2012,1528
22/07/2012,1451
23/07/2012,1328
24/07/2012,1315
25/07/2012,1238
26/07/2012,1155
27/07/2012,1248
28/07/2012,1473
29/07/2012,1493
30/07/2012,1451
31/07/2012,1284
01/08/2012,52261
02/08/2012,1156
03/08/2012,1209
04/08/2012,1316
05/08/2012,1275
06/08/2012,1483
07/08/2012,1585
08/08/2012,1685
09/08/2012,1581
10/08/2012,2448
11/08/2012,2599
12/08/2012,2562
13/08/2012,2766
14/08/2012,32396
15/08/2012,31446
16/08/2012,28953
17/08/2012,26875
18/08/2012,31597
19/08/2012,31284
20/08/2012,52596
21/08/2012,49418
22/08/2012,45563
23/08/2012,41807
24/08/2012,40608
25/08/2012,42936
26/08/2012,40621
27/08/2012,37754
28/08/2012,35634
29/08/2012,33207
30/08/2012,31832
31/08/2012,31747
01/09/2012,36057
02/09/2012,36870
03/09/2012,33922
04/09/2012,29302
05/09/2012,28446
06/09/2012,26028
07/09/2012,16992
08/09/2012,16992
09/09/2012,29223
10/09/2012,26599
11/09/2012,26739
12/09/2012,25895
13/09/2012,25290
14/09/2012,24962
15/09/2012,28447
16/09/2012,26686
17/09/2012,23856
18/09/2012,21597
19/09/2012,22118
20/09/2012,20544
21/09/2012,21263
22/09/2012,24475
23/09/2012,23329
24/09/2012,20387
25/09/2012,20354
26/09/2012,19894
27/09/2012,18732
28/09/2012,18543
29/09/2012,21247
30/09/2012,20273
01/10/2012,20850
02/10/2012,18337
03/10/2012,18350
04/10/2012,18564
05/10/2012,18464
06/10/2012,19848
07/10/2012,20740
08/10/2012,18861
09/10/2012,17936
10/10/2012,17658
11/10/2012,16103
12/10/2012,17560
13/10/2012,20134
14/10/2012,18887
15/10/2012,17456
16/10/2012,17615
17/10/2012,16026
18/10/2012,14962
19/10/2012,14962
20/10/2012,18497
21/10/2012,17996
22/10/2012,20850
23/10/2012,19681
24/10/2012,16201
25/10/2012,15101
26/10/2012,15726
27/10/2012,17922
28/10/2012,17605
29/10/2012,16441
30/10/2012,16271
31/10/2012,21291
01/11/2012,50533
02/11/2012,48271
03/11/2012,50533
04/11/2012,46933
05/11/2012,25474
06/11/2012,21163
07/11/2012,21219
08/11/2012,21111
09/11/2012,20632
10/11/2012,22880
11/11/2012,22968
12/11/2012,21888
13/11/2012,19577
14/11/2012,18505
15/11/2012,18543
16/11/2012,18418
17/11/2012,20597
18/11/2012,20396
19/11/2012,20234
20/11/2012,18273
21/11/2012,18847
22/11/2012,18933
23/11/2012,18997
24/11/2012,21512
25/11/2012,21431
26/11/2012,23465
27/11/2012,23465
28/11/2012,23597
29/11/2012,22501
30/11/2012,20615
01/12/2012,27553
02/12/2012,23130
03/12/2012,22426
04/12/2012,21727
05/12/2012,22137
06/12/2012,22319
07/12/2012,22826
08/12/2012,25803
09/12/2012,25358
10/12/2012,25377
11/12/2012,23761
12/12/2012,22429
13/12/2012,22092
14/12/2012,20909
15/12/2012,23713
16/12/2012,23469
17/12/2012,23170
18/12/2012,22656
19/12/2012,21486
20/12/2012,21147
21/12/2012,20912
22/12/2012,22622
23/12/2012,22859
24/12/2012,18249
25/12/2012,20428
26/12/2012,23400
27/12/2012,24745
28/12/2012,26396
29/12/2012,27994
30/12/2012,28208
31/12/2012,25071
01/01/2013,31359
02/01/2013,27365
03/01/2013,27971
04/01/2013,27057
05/01/2013,31275
06/01/2013,31343
07/01/2013,30480
08/01/2013,28874
09/01/2013,27372
10/01/2013,27760
11/01/2013,26010
12/01/2013,29060
13/01/2013,28927
14/01/2013,27930
15/01/2013,27010
16/01/2013,26002
17/01/2013,25946
18/01/2013,24670
19/01/2013,28609
20/01/2013,29421
21/01/2013,29341
22/01/2013,27271
23/01/2013,27272
24/01/2013,27283
25/01/2013,25976
26/01/2013,29566
27/01/2013,29562
28/01/2013,27828
29/01/2013,26654
30/01/2013,26292
31/01/2013,26210
01/02/2013,35238
02/02/2013,29588
03/02/2013,29340
04/02/2013,27967
05/02/2013,27481
06/02/2013,25874
07/02/2013,28358
08/02/2013,30390
09/02/2013,35597
10/02/2013,35045
11/02/2013,34252
12/02/2013,31613
13/02/2013,27439
14/02/2013,27935
15/02/2013,28986
16/02/2013,33189
17/02/2013,33110
18/02/2013,32053
19/02/2013,28067
20/02/2013,27828
21/02/2013,27767
22/02/2013,27851
23/02/2013,31712
24/02/2013,31543
25/02/2013,30443
26/02/2013,27140
27/02/2013,28512
28/02/2013,28767
01/03/2013,32166
02/03/2013,30889
03/03/2013,30876
04/03/2013,28744
05/03/2013,25903
06/03/2013,25812
07/03/2013,25131
08/03/2013,25565
09/03/2013,30029
10/03/2013,29917
11/03/2013,27834
12/03/2013,24446
13/03/2013,26247
14/03/2013,26156
15/03/2013,25555
16/03/2013,29444
17/03/2013,29023
18/03/2013,28466
19/03/2013,27964
20/03/2013,27635
21/03/2013,27453
22/03/2013,27805
23/03/2013,32372
24/03/2013,32414
25/03/2013,30489
26/03/2013,28046
27/03/2013,28144
28/03/2013,28468
29/03/2013,27440
30/03/2013,28343
31/03/2013,29407
01/04/2013,31966
02/04/2013,26055
03/04/2013,27938
04/04/2013,28890
05/04/2013,28687
06/04/2013,32163
07/04/2013,29464
08/04/2013,27843
09/04/2013,26959
10/04/2013,29239
11/04/2013,27137
12/04/2013,28237
13/04/2013,31604
14/04/2013,29982
15/04/2013,28795
16/04/2013,27768
17/04/2013,28493
18/04/2013,27078
19/04/2013,26886
20/04/2013,30920
21/04/2013,29952
22/04/2013,28106
23/04/2013,24738
24/04/2013,27216
25/04/2013,26661
26/04/2013,27160
27/04/2013,31433
28/04/2013,30521
29/04/2013,27756
30/04/2013,25652
01/05/2013,53379
02/05/2013,26397
03/05/2013,26495
04/05/2013,29255
05/05/2013,27964
06/05/2013,28146
07/05/2013,27001
08/05/2013,26336
09/05/2013,25718
10/05/2013,26579
11/05/2013,29611
12/05/2013,29199
13/05/2013,26626
14/05/2013,25655
15/05/2013,30732
16/05/2013,44688
17/05/2013,51786
18/05/2013,53381
19/05/2013,42315
20/05/2013,36850
21/05/2013,35039
22/05/2013,34418
23/05/2013,32069
24/05/2013,31723
25/05/2013,34871
26/05/2013,35724
27/05/2013,33689
28/05/2013,31426
29/05/2013,33106
30/05/2013,31084
31/05/2013,29297
01/06/2013,33700
02/06/2013,33448
03/06/2013,31806
04/06/2013,30594
05/06/2013,30352
06/06/2013,29284
07/06/2013,27103
08/06/2013,31842
09/06/2013,32327
10/06/2013,31795
11/06/2013,30957
12/06/2013,32008
13/06/2013,31419
14/06/2013,28737
15/06/2013,33321
16/06/2013,33951
17/06/2013,32652
18/06/2013,32167
19/06/2013,31193
20/06/2013,30594
21/06/2013,27317
22/06/2013,32706
23/06/2013,33993
24/06/2013,33041
25/06/2013,31838
26/06/2013,30794
27/06/2013,29569
28/06/2013,28882
29/06/2013,32710
30/06/2013,34595
01/07/2013,42149
02/07/2013,32455
03/07/2013,31636
04/07/2013,30239
05/07/2013,27674
06/07/2013,31678
07/07/2013,32206
08/07/2013,31697
09/07/2013,30258
10/07/2013,32813
11/07/2013,33125
12/07/2013,32587
13/07/2013,34917
14/07/2013,34838
15/07/2013,34126
16/07/2013,33547
17/07/2013,32170
18/07/2013,32223
19/07/2013,32595
20/07/2013,40569
21/07/2013,42411
22/07/2013,41475
23/07/2013,39024
24/07/2013,36747
25/07/2013,36289
26/07/2013,32931
27/07/2013,37093
28/07/2013,36972
29/07/2013,36514
30/07/2013,36026
31/07/2013,34224
01/08/2013,50511
02/08/2013,29267
03/08/2013,34251
04/08/2013,33586
05/08/2013,33848
06/08/2013,33104
07/08/2013,31589
08/08/2013,31024
09/08/2013,30076
10/08/2013,34349
11/08/2013,34091
12/08/2013,33995
13/08/2013,40211
14/08/2013,45862
15/08/2013,45696
16/08/2013,44982
17/08/2013,51627
18/08/2013,49450
19/08/2013,48268
20/08/2013,46910
21/08/2013,48341
22/08/2013,45988
23/08/2013,44294
24/08/2013,48892
25/08/2013,47363
26/08/2013,45160
27/08/2013,45129
28/08/2013,45692
29/08/2013,43360
30/08/2013,43062
31/08/2013,42838
01/09/2013,52052
02/09/2013,44064
03/09/2013,41754
04/09/2013,43413
05/09/2013,41612
06/09/2013,44671
07/09/2013,50837
08/09/2013,46553
09/09/2013,42807
10/09/2013,40965
11/09/2013,44712
12/09/2013,44173
13/09/2013,47175
14/09/2013,51134
15/09/2013,46788
16/09/2013,42682
17/09/2013,38693
18/09/2013,42817
19/09/2013,44988
20/09/2013,47978
21/09/2013,51215
22/09/2013,45591
23/09/2013,44195
24/09/2013,43113
25/09/2013,44295
26/09/2013,44191
27/09/2013,45445
28/09/2013,52004
29/09/2013,46878
30/09/2013,42579
01/10/2013,53263
02/10/2013,44219
03/10/2013,42554
04/10/2013,43194
05/10/2013,48221
06/10/2013,46625
07/10/2013,45631
08/10/2013,44330
09/10/2013,44567
10/10/2013,41443
11/10/2013,46872
12/10/2013,52505
13/10/2013,52332
14/10/2013,47132
15/10/2013,47603
16/10/2013,44705
17/10/2013,49287
18/10/2013,48652
19/10/2013,53263
20/10/2013,49372
21/10/2013,46715
22/10/2013,45345
23/10/2013,47537
24/10/2013,47509
25/10/2013,49242
26/10/2013,52908
27/10/2013,52609
28/10/2013,53061
29/10/2013,49050
30/10/2013,47127
31/10/2013,43335
01/11/2013,92279
02/11/2013,52225
03/11/2013,51945
04/11/2013,46217
05/11/2013,43695
06/11/2013,45985
07/11/2013,46292
08/11/2013,47880
09/11/2013,50516
10/11/2013,51656
11/11/2013,51656
12/11/2013,48262
13/11/2013,47358
14/11/2013,46445
15/11/2013,47610
16/11/2013,54097
17/11/2013,52557
18/11/2013,48956
19/11/2013,47722
20/11/2013,49817
21/11/2013,50327
22/11/2013,51302
23/11/2013,52710
24/11/2013,51237
25/11/2013,49528
26/11/2013,48311
27/11/2013,67049
28/11/2013,73677
29/11/2013,93905
30/11/2013,93640
01/12/2013,96298
02/12/2013,81641
03/12/2013,78667
04/12/2013,75789
05/12/2013,75235
06/12/2013,75289
07/12/2013,80321
08/12/2013,77890
09/12/2013,74958
10/12/2013,69524
11/12/2013,67997
12/12/2013,67674
13/12/2013,65867
14/12/2013,72724
15/12/2013,71647
16/12/2013,69087
17/12/2013,66543
18/12/2013,72892
19/12/2013,74706
20/12/2013,75142
21/12/2013,76822
22/12/2013,89016
23/12/2013,87510
24/12/2013,72726
25/12/2013,79037
26/12/2013,82807
27/12/2013,83986
28/12/2013,91298
29/12/2013,91594
30/12/2013,96673
31/12/2013,85116
01/01/2014,102084
02/01/2014,96254
03/01/2014,101904
04/01/2014,100158
05/01/2014,100114
06/01/2014,100114
07/01/2014,95319
08/01/2014,93459
09/01/2014,93029
10/01/2014,96219
11/01/2014,102464
12/01/2014,98730
13/01/2014,91440
14/01/2014,88658
15/01/2014,92402
16/01/2014,89443
17/01/2014,90641
18/01/2014,92730
19/01/2014,89022
20/01/2014,88214
21/01/2014,89373
22/01/2014,87207
23/01/2014,91336
24/01/2014,96517
25/01/2014,102090
26/01/2014,98262
27/01/2014,28162
28/01/2014,95063
29/01/2014,93940
30/01/2014,91432
31/01/2014,95869
01/02/2014,119764
02/02/2014,102040
03/02/2014,94627
04/02/2014,94403
05/02/2014,96983
06/02/2014,95922
07/02/2014,99287
08/02/2014,108249
09/02/2014,102815
10/02/2014,96078
11/02/2014,92860
12/02/2014,105010
13/02/2014,103852
14/02/2014,102052
15/02/2014,109545
16/02/2014,105540
17/02/2014,102246
18/02/2014,92269
19/02/2014,87397
20/02/2014,107426
21/02/2014,111669
22/02/2014,119772
23/02/2014,113587
24/02/2014,103608
25/02/2014,100178
26/02/2014,96654
27/02/2014,96348
28/02/2014,103286
01/03/2014,164495
02/03/2014,105065
03/03/2014,100660
04/03/2014,97766
05/03/2014,95877
06/03/2014,100663
07/03/2014,107512
08/03/2014,111893
09/03/2014,108434
10/03/2014,100102
11/03/2014,99558
12/03/2014,104756
13/03/2014,121846
14/03/2014,150972
15/03/2014,164781
16/03/2014,151972
17/03/2014,135984
18/03/2014,133335
19/03/2014,130125
20/03/2014,119803
21/03/2014,132603
22/03/2014,140599
23/03/2014,127843
24/03/2014,128733
25/03/2014,126360
26/03/2014,125248
27/03/2014,121998
28/03/2014,128117
29/03/2014,132269
30/03/2014,127946
31/03/2014,120396
01/04/2014,142526
02/04/2014,125724
03/04/2014,130308
04/04/2014,134282
05/04/2014,139515
06/04/2014,132046
07/04/2014,129869
08/04/2014,130837
09/04/2014,133965
10/04/2014,135327
11/04/2014,137453
12/04/2014,143298
13/04/2014,137875
14/04/2014,135060
15/04/2014,131723
16/04/2014,132748
17/04/2014,132584
18/04/2014,130678
19/04/2014,133582
20/04/2014,141475
21/04/2014,134276
22/04/2014,129081
23/04/2014,131075
24/04/2014,129826
25/04/2014,133163
26/04/2014,143124
27/04/2014,131669
28/04/2014,125681
29/04/2014,119579
30/04/2014,134364
01/05/2014,170137
02/05/2014,161779
03/05/2014,173629
04/05/2014,154914
05/05/2014,152969
06/05/2014,147642
07/05/2014,152119
08/05/2014,150519
09/05/2014,152722
10/05/2014,160519
11/05/2014,151530
12/05/2014,144348
13/05/2014,137862
14/05/2014,115401
15/05/2014,139932
16/05/2014,139138
17/05/2014,150584
18/05/2014,140332
19/05/2014,137078
20/05/2014,134229
21/05/2014,133107
22/05/2014,135747
23/05/2014,135077
24/05/2014,146158
25/05/2014,149526
26/05/2014,134705
27/05/2014,136515
28/05/2014,133703
29/05/2014,128874
30/05/2014,127206
31/05/2014,141587
01/06/2014,164134
02/06/2014,133685
03/06/2014,131590
04/06/2014,128045
05/06/2014,125517
06/06/2014,124209
07/06/2014,133192
08/06/2014,130675
09/06/2014,137338
10/06/2014,133723
11/06/2014,130179
12/06/2014,121324
13/06/2014,125319
14/06/2014,139039
15/06/2014,147677
16/06/2014,144416
17/06/2014,139352
18/06/2014,131798
19/06/2014,123559
20/06/2014,123722
21/06/2014,148769
22/06/2014,145153
23/06/2014,146010
24/06/2014,150051
25/06/2014,154182
26/06/2014,146875
27/06/2014,145018
28/06/2014,162626
29/06/2014,165292
30/06/2014,160439
01/07/2014,194016
02/07/2014,183071
03/07/2014,170854
04/07/2014,157654
05/07/2014,173510
06/07/2014,171220
07/07/2014,163294
08/07/2014,158216
09/07/2014,158035
10/07/2014,162225
11/07/2014,160536
12/07/2014,150723
13/07/2014,165848
14/07/2014,165791
15/07/2014,161747
16/07/2014,156178
17/07/2014,153326
18/07/2014,145907
19/07/2014,162164
20/07/2014,156268
21/07/2014,163137
22/07/2014,158315
23/07/2014,156353
24/07/2014,152883
25/07/2014,151488
26/07/2014,167430
27/07/2014,171261
28/07/2014,167757
29/07/2014,166642
30/07/2014,161796
31/07/2014,162881
01/08/2014,277192
02/08/2014,178670
03/08/2014,189853
04/08/2014,186021
05/08/2014,170376
06/08/2014,180958
07/08/2014,178871
08/08/2014,176850
09/08/2014,191704
10/08/2014,183412
11/08/2014,184545
12/08/2014,187733
13/08/2014,227074
14/08/2014,224200
15/08/2014,247871
16/08/2014,275014
17/08/2014,245554
18/08/2014,220847
19/08/2014,217633
20/08/2014,212574
21/08/2014,208364
22/08/2014,210841
23/08/2014,228936
24/08/2014,213502
25/08/2014,211170
26/08/2014,200193
27/08/2014,208428
28/08/2014,209288
29/08/2014,220227
30/08/2014,220409
31/08/2014,227276
01/09/2014,242494
02/09/2014,205170
03/09/2014,199955
04/09/2014,216998
05/09/2014,232911
06/09/2014,241620
07/09/2014,217032
08/09/2014,209270
09/09/2014,204605
10/09/2014,207622
11/09/2014,225640
12/09/2014,240450
13/09/2014,239484
14/09/2014,225370
15/09/2014,212225
16/09/2014,212261
17/09/2014,212285
18/09/2014,221505
19/09/2014,235786
20/09/2014,235997
21/09/2014,218868
22/09/2014,211890
23/09/2014,207820
24/09/2014,168851
25/09/2014,216907
26/09/2014,237650
27/09/2014,242527
28/09/2014,216806
29/09/2014,212896
30/09/2014,214183
01/10/2014,260613
02/10/2014,224909
03/10/2014,249492
04/10/2014,247227
05/10/2014,224048
06/10/2014,218072
07/10/2014,218373
08/10/2014,214641
09/10/2014,229962
10/10/2014,241017
11/10/2014,249290
12/10/2014,242077
13/10/2014,223341
14/10/2014,220268
15/10/2014,209703
16/10/2014,224605
17/10/2014,242915
18/10/2014,239715
19/10/2014,221691
20/10/2014,224156
21/10/2014,220154
22/10/2014,225079
23/10/2014,234616
24/10/2014,252951
25/10/2014,261555
26/10/2014,234996
27/10/2014,229765
28/10/2014,228824
29/10/2014,232119
30/10/2014,225555
31/10/2014,252664
01/11/2014,348018
02/11/2014,252187
03/11/2014,228545
04/11/2014,226173
05/11/2014,234215
06/11/2014,236933
07/11/2014,256821
08/11/2014,253667
09/11/2014,239776
10/11/2014,239319
11/11/2014,257322
12/11/2014,241651
13/11/2014,254306
14/11/2014,270707
15/11/2014,264525
16/11/2014,237396
17/11/2014,230615
18/11/2014,233909
19/11/2014,227018
20/11/2014,239704
21/11/2014,238536
22/11/2014,263723
23/11/2014,244634
24/11/2014,225206
25/11/2014,252065
26/11/2014,309116
27/11/2014,329206
28/11/2014,349462
29/11/2014,330573
30/11/2014,298410
01/12/2014,367634
02/12/2014,286289
03/12/2014,282730
04/12/2014,296645
05/12/2014,296110
06/12/2014,309816
07/12/2014,297178
08/12/2014,288325
09/12/2014,285266
10/12/2014,283191
11/12/2014,297185
12/12/2014,317354
13/12/2014,317040
14/12/2014,295428
15/12/2014,293914
16/12/2014,290357
17/12/2014,290018
18/12/2014,295737
19/12/2014,314777
20/12/2014,318366
21/12/2014,317470
22/12/2014,311679
23/12/2014,299758
24/12/2014,285838
25/12/2014,319559
26/12/2014,349626
27/12/2014,359662
28/12/2014,364666
29/12/2014,368024
30/12/2014,369561
31/12/2014,359692
01/01/2015,443188
02/01/2015,383943
03/01/2015,398639
04/01/2015,389040
05/01/2015,376364
06/01/2015,376364
07/01/2015,375622
08/01/2015,440458
09/01/2015,443991
10/01/2015,443991
11/01/2015,384553
12/01/2015,386492
13/01/2015,382747
14/01/2015,381328
15/01/2015,405872
16/01/2015,442871
17/01/2015,442380
18/01/2015,377789
19/01/2015,391559
20/01/2015,380689
21/01/2015,379248
22/01/2015,399062
23/01/2015,430861
24/01/2015,423350
25/01/2015,371266
26/01/2015,360648
27/01/2015,385217
28/01/2015,380640
29/01/2015,397712
30/01/2015,437368
31/01/2015,434024
01/02/2015,455508
02/02/2015,384373
03/02/2015,346986
04/02/2015,374310
05/02/2015,401791
06/02/2015,401791
07/02/2015,401791
08/02/2015,401791
09/02/2015,401791
10/02/2015,159873
11/02/2015,103924
12/02/2015,103924
13/02/2015,419184
14/02/2015,431744
15/02/2015,384755
16/02/2015,
17/02/2015,398868
18/02/2015,395553
19/02/2015,423817
20/02/2015,442763
21/02/2015,454373
22/02/2015,406052
23/02/2015,400112
24/02/2015,337230
25/02/2015,
26/02/2015,
27/02/2015,
28/02/2015,
01/03/2015,595439
02/03/2015,
03/03/2015,
04/03/2015,
05/03/2015,
06/03/2015,
07/03/2015,
08/03/2015,
09/03/2015,
10/03/2015,
11/03/2015,
12/03/2015,
13/03/2015,
14/03/2015,
15/03/2015,
16/03/2015,
17/03/2015,
18/03/2015,
19/03/2015,
20/03/2015,
21/03/2015,
22/03/2015,
23/03/2015,
24/03/2015,
25/03/2015,
26/03/2015,
27/03/2015,
28/03/2015,
29/03/2015,
30/03/2015,
31/03/2015,
01/04/2015,568556
02/04/2015,
03/04/2015,
04/04/2015,
05/04/2015,
06/04/2015,
07/04/2015,
08/04/2015,
09/04/2015,
10/04/2015,
11/04/2015,
12/04/2015,
13/04/2015,
14/04/2015,
15/04/2015,
16/04/2015,
17/04/2015,
18/04/2015,
19/04/2015,551054
20/04/2015,509392
21/04/2015,505119
22/04/2015,502104
23/04/2015,501062
24/04/2015,521335
25/04/2015,568782
26/04/2015,569848
27/04/2015,524411
28/04/2015,518291
29/04/2015,512618
30/04/2015,524944
01/05/2015,511203
02/05/2015,552794
03/05/2015,579356
04/05/2015,518035
05/05/2015,519839
06/05/2015,514383
07/05/2015,514128
08/05/2015,552668
09/05/2015,538983
10/05/2015,548320
11/05/2015,513952
12/05/2015,497478
13/05/2015,502256
14/05/2015,500080
15/05/2015,530986
16/05/2015,562379
17/05/2015,571119
18/05/2015,537038
19/05/2015,515278
20/05/2015,513685
21/05/2015,516034
22/05/2015,545190
23/05/2015,541205
24/05/2015,545013
25/05/2015,552376
26/05/2015,508968
27/05/2015,681170
28/05/2015,630579
29/05/2015,614395
30/05/2015,600079
31/05/2015,631284
01/06/2015,578549
02/06/2015,569978
03/06/2015,587370
04/06/2015,582715
05/06/2015,558996
06/06/2015,511890
07/06/2015,579984
08/06/2015,573335
09/06/2015,570371
10/06/2015,566053
11/06/2015,553731
12/06/2015,544088
13/06/2015,546174
14/06/2015,591163
15/06/2015,589481
16/06/2015,586602
17/06/2015,604309
18/06/2015,582001
19/06/2015,558605
20/06/2015,551773
21/06/2015,583128
22/06/2015,611284
23/06/2015,594003
24/06/2015,599440
25/06/2015,588950
26/06/2015,542428
27/06/2015,517905
28/06/2015,568420
29/06/2015,575554
30/06/2015,539500
01/07/2015,541692
02/07/2015,522992
03/07/2015,491509
04/07/2015,463120
05/07/2015,506209
06/07/2015,544222
07/07/2015,528477
08/07/2015,546142
09/07/2015,543496
10/07/2015,498573
11/07/2015,471760
12/07/2015,531385
13/07/2015,535060
14/07/2015,514071
15/07/2015,522264
16/07/2015,510847
17/07/2015,470311
18/07/2015,458623
19/07/2015,514116
20/07/2015,513838
21/07/2015,505546
22/07/2015,504003
23/07/2015,503109
24/07/2015,468739
25/07/2015,461601
26/07/2015,505594
27/07/2015,523216
28/07/2015,509832
29/07/2015,511832
30/07/2015,507985
31/07/2015,487753
01/08/2015,456126
02/08/2015,509694
03/08/2015,499671
04/08/2015,502762
05/08/2015,491415
06/08/2015,490349
07/08/2015,464880
08/08/2015,453921
09/08/2015,510793
10/08/2015,516646
11/08/2015,503556
12/08/2015,503351
13/08/2015,494573
14/08/2015,477429
15/08/2015,495073
16/08/2015,546564
17/08/2015,549505
18/08/2015,527833
19/08/2015,545605
20/08/2015,654789
21/08/2015,635559
22/08/2015,655378
23/08/2015,819902
24/08/2015,649101
25/08/2015,632719
26/08/2015,614513
27/08/2015,610491
28/08/2015,578810
29/08/2015,575579
30/08/2015,629806
31/08/2015,574905
01/09/2015,555128
02/09/2015,564619
03/09/2015,570566
04/09/2015,587280
05/09/2015,629407
06/09/2015,653346
07/09/2015,650458
08/09/2015,583000
09/09/2015,581834
10/09/2015,570207
11/09/2015,615578
12/09/2015,639815
13/09/2015,647434
14/09/2015,611175
15/09/2015,594710
16/09/2015,632987
17/09/2015,613077
18/09/2015,725939
19/09/2015,725872
20/09/2015,720141
21/09/2015,644615
22/09/2015,621099
23/09/2015,668621
24/09/2015,629762
25/09/2015,670245
26/09/2015,698254
27/09/2015,708298
28/09/2015,630309
29/09/2015,614948
30/09/2015,605557
01/10/2015,589989
02/10/2015,663702
03/10/2015,709984
04/10/2015,698465
05/10/2015,609039
06/10/2015,617252
07/10/2015,627301
08/10/2015,601490
09/10/2015,663583
10/10/2015,693601
11/10/2015,676761
12/10/2015,635027
13/10/2015,626353
14/10/2015,614333
15/10/2015,592895
16/10/2015,659430
17/10/2015,692862
18/10/2015,672513
19/10/2015,603815
20/10/2015,587495
21/10/2015,609933
22/10/2015,605688
23/10/2015,667325
24/10/2015,701645
25/10/2015,650136
26/10/2015,595490
27/10/2015,585391
28/10/2015,717511
29/10/2015,695740
30/10/2015,709147
31/10/2015,732093
01/11/2015,786707
02/11/2015,669533
03/11/2015,654961
04/11/2015,645986
05/11/2015,630788
06/11/2015,669888
07/11/2015,688392
08/11/2015,675447
09/11/2015,599300
10/11/2015,581347
11/11/2015,597527
12/11/2015,575875
13/11/2015,622375
14/11/2015,666487
15/11/2015,662161
16/11/2015,588057
17/11/2015,576160
18/11/2015,581563
19/11/2015,591924
20/11/2015,648037
21/11/2015,665514
22/11/2015,653833
23/11/2015,591545
24/11/2015,602930
25/11/2015,623415
26/11/2015,609118
27/11/2015,678051
28/11/2015,689711
29/11/2015,691930
30/11/2015,626903
01/12/2015,616849
02/12/2015,637477
03/12/2015,636123
04/12/2015,688508
05/12/2015,721883
06/12/2015,709200
07/12/2015,648944
08/12/2015,654479
09/12/2015,823694
10/12/2015,701795
11/12/2015,705268
12/12/2015,724807
13/12/2015,690672
14/12/2015,617022
15/12/2015,601776
16/12/2015,609226
17/12/2015,588824
18/12/2015,625551
19/12/2015,640096
20/12/2015,612170
21/12/2015,605194
22/12/2015,589295
23/12/2015,582223
24/12/2015,468987
25/12/2015,567501
26/12/2015,587894
27/12/2015,602105
28/12/2015,607841
29/12/2015,621422
30/12/2015,641488
31/12/2015,540459
01/01/2016,611343
02/01/2016,639407
03/01/2016,651264
04/01/2016,617618
05/01/2016,609398
06/01/2016,616314
07/01/2016,605054
08/01/2016,642655
09/01/2016,667432
10/01/2016,642996
11/01/2016,560999
12/01/2016,568200
13/01/2016,563938
14/01/2016,566576
15/01/2016,617636
16/01/2016,653887
17/01/2016,654226
18/01/2016,623119
19/01/2016,579933
20/01/2016,579976
21/01/2016,577161
22/01/2016,627126
23/01/2016,665504
24/01/2016,654806
25/01/2016,597773
26/01/2016,587666
27/01/2016,601186
28/01/2016,594859
29/01/2016,619038
30/01/2016,651217
31/01/2016,645790
01/02/2016,592950
02/02/2016,588658
03/02/2016,593220
04/02/2016,587791
05/02/2016,610475
06/02/2016,650424
07/02/2016,647277
08/02/2016,603360
09/02/2016,586954
10/02/2016,590179
11/02/2016,587018
12/02/2016,645119
13/02/2016,688870
14/02/2016,642871
15/02/2016,624985
16/02/2016,590031
17/02/2016,591122
18/02/2016,658229
19/02/2016,676655
20/02/2016,726385
21/02/2016,738969
22/02/2016,669532
23/02/2016,624393
24/02/2016,639204
25/02/2016,622697
26/02/2016,677135
27/02/2016,717040
28/02/2016,684698
29/02/2016,602267
01/03/2016,603710
02/03/2016,615478
03/03/2016,612273
04/03/2016,658770
05/03/2016,695928
06/03/2016,733925
07/03/2016,662668
08/03/2016,594968
09/03/2016,606162
10/03/2016,596806
11/03/2016,665464
12/03/2016,698913
13/03/2016,678472
14/03/2016,609018
15/03/2016,599032
16/03/2016,618206
17/03/2016,612023
18/03/2016,674285
19/03/2016,701629
20/03/2016,687728
21/03/2016,629829
22/03/2016,635626
23/03/2016,648085
24/03/2016,621131
25/03/2016,662099
26/03/2016,640387
27/03/2016,641177
28/03/2016,643076
29/03/2016,737599
30/03/2016,773354
31/03/2016,768323
01/04/2016,800869
02/04/2016,833345
03/04/2016,850485
04/04/2016,660523
05/04/2016,612907
06/04/2016,647799
07/04/2016,641322
08/04/2016,705526
09/04/2016,731390
10/04/2016,711635
11/04/2016,620323
12/04/2016,602029
13/04/2016,605922
14/04/2016,605885
15/04/2016,678753
16/04/2016,684310
17/04/2016,668143
18/04/2016,628545
19/04/2016,614805
20/04/2016,615852
21/04/2016,612273
22/04/2016,632904
23/04/2016,684356
24/04/2016,678886
25/04/2016,621891
26/04/2016,610142
27/04/2016,618415
28/04/2016,656617
29/04/2016,659080
30/04/2016,638216
01/05/2016,668612
02/05/2016,598980
03/05/2016,587742
04/05/2016,596867
05/05/2016,551675
06/05/2016,577496
07/05/2016,599203
08/05/2016,587411
09/05/2016,520788
10/05/2016,533239
11/05/2016,553612
12/05/2016,557396
13/05/2016,621025
14/05/2016,638088
15/05/2016,606700
16/05/2016,575926
17/05/2016,562571
18/05/2016,582535
19/05/2016,562560
20/05/2016,606267
21/05/2016,593090
22/05/2016,589460
23/05/2016,561194
24/05/2016,547212
25/05/2016,560009
26/05/2016,562385
27/05/2016,574812
28/05/2016,546406
29/05/2016,577740
30/05/2016,564451
31/05/2016,533522
01/06/2016,533777
02/06/2016,541235
03/06/2016,549536
04/06/2016,550277
05/06/2016,574583
06/06/2016,552824
07/06/2016,543588
08/06/2016,543776
09/06/2016,549231
10/06/2016,501270
11/06/2016,515088
12/06/2016,528324
13/06/2016,531339
14/06/2016,527542
15/06/2016,538212
16/06/2016,579110
17/06/2016,559486
18/06/2016,536346
19/06/2016,556579
20/06/2016,547894
21/06/2016,549815
22/06/2016,543743
23/06/2016,509233
24/06/2016,487648
25/06/2016,474429
26/06/2016,531215
27/06/2016,548910
28/06/2016,539921
29/06/2016,540124
30/06/2016,502427
01/07/2016,496846
02/07/2016,472029
03/07/2016,522612
04/07/2016,544563
05/07/2016,636056
06/07/2016,624601
07/07/2016,621543
08/07/2016,603264
09/07/2016,593940
10/07/2016,603057
11/07/2016,577920
12/07/2016,558089
13/07/2016,547281
14/07/2016,540624
15/07/2016,508026
16/07/2016,493896
17/07/2016,538171
18/07/2016,538791
19/07/2016,522099
20/07/2016,520145
21/07/2016,507375
22/07/2016,495506
23/07/2016,480140
24/07/2016,514561
25/07/2016,525138
26/07/2016,515314
27/07/2016,522446
28/07/2016,519175
29/07/2016,496361
30/07/2016,483239
31/07/2016,530920
01/08/2016,533460
02/08/2016,524743
03/08/2016,506605
04/08/2016,522620
05/08/2016,487626
06/08/2016,484652
07/08/2016,508886
08/08/2016,510803
09/08/2016,510256
10/08/2016,519980
11/08/2016,514947
12/08/2016,495372
13/08/2016,476202
14/08/2016,526431
15/08/2016,529509
16/08/2016,524122
17/08/2016,526919
18/08/2016,520657
19/08/2016,536004
20/08/2016,541896
21/08/2016,584453
22/08/2016,565024
23/08/2016,541912
24/08/2016,550787
25/08/2016,544806
26/08/2016,536004
27/08/2016,546000
28/08/2016,599095
29/08/2016,590423
30/08/2016,574058
31/08/2016,533338
01/09/2016,515410
02/09/2016,557799
03/09/2016,573314
04/09/2016,574341
05/09/2016,572226
06/09/2016,530141
07/09/2016,544146
08/09/2016,525664
09/09/2016,571421
10/09/2016,600316
11/09/2016,596331
12/09/2016,539113
13/09/2016,528193
14/09/2016,495370
15/09/2016,530380
16/09/2016,588619
17/09/2016,638360
18/09/2016,637515
19/09/2016,564818
20/09/2016,558376
21/09/2016,553994
22/09/2016,555269
23/09/2016,601253
24/09/2016,613028
25/09/2016,609126
26/09/2016,540141
27/09/2016,538047
28/09/2016,519062
29/09/2016,548209
30/09/2016,590230
01/10/2016,613097
02/10/2016,598950
03/10/2016,559436
04/10/2016,552031
05/10/2016,556320
06/10/2016,554221
07/10/2016,625708
08/10/2016,646334
09/10/2016,628981
10/10/2016,584079
11/10/2016,573494
12/10/2016,590436
13/10/2016,584281
14/10/2016,632559
15/10/2016,661985
16/10/2016,646283
17/10/2016,565030
18/10/2016,552751
19/10/2016,564004
20/10/2016,561903
21/10/2016,623083
22/10/2016,647299
23/10/2016,624196
24/10/2016,564167
25/10/2016,548445
26/10/2016,543803
27/10/2016,550837
28/10/2016,591304
29/10/2016,613425
30/10/2016,613226
31/10/2016,539952
01/11/2016,570482
02/11/2016,578881
03/11/2016,596301
04/11/2016,599240
05/11/2016,627124
06/11/2016,611584
07/11/2016,532334
08/11/2016,539366
09/11/2016,526953
10/11/2016,539705
11/11/2016,598838
12/11/2016,626360
13/11/2016,609295
14/11/2016,541529
15/11/2016,546602
16/11/2016,529147
17/11/2016,528129
18/11/2016,595119
19/11/2016,617652
20/11/2016,601809
21/11/2016,541586
22/11/2016,547539
23/11/2016,555683
24/11/2016,558932
25/11/2016,611117
26/11/2016,625876
27/11/2016,608906
28/11/2016,540550
29/11/2016,578490
30/11/2016,575494
01/12/2016,574372
02/12/2016,632999
03/12/2016,662460
04/12/2016,637935
05/12/2016,562748
06/12/2016,569392
07/12/2016,567637
08/12/2016,521844
09/12/2016,575434
10/12/2016,603615
11/12/2016,582266
12/12/2016,515906
13/12/2016,510000
14/12/2016,512679
15/12/2016,513677
16/12/2016,558715
17/12/2016,586213
18/12/2016,567955
19/12/2016,549755
20/12/2016,548122
21/12/2016,557662
22/12/2016,556800
23/12/2016,568835
24/12/2016,488865
25/12/2016,518257
26/12/2016,556897
27/12/2016,583051
28/12/2016,593696
29/12/2016,608579
30/12/2016,617489
31/12/2016,516767
01/01/2017,586605
02/01/2017,533340
03/01/2017,615247
04/01/2017,614587
05/01/2017,620470
06/01/2017,635734
07/01/2017,673607
08/01/2017,659776
09/01/2017,582858
10/01/2017,593498
11/01/2017,581688
12/01/2017,592038
13/01/2017,643886
14/01/2017,688378
15/01/2017,657268
16/01/2017,618542
17/01/2017,614374
18/01/2017,606970
19/01/2017,607889
20/01/2017,654320
21/01/2017,682260
22/01/2017,789088
23/01/2017,721632
24/01/2017,707397
25/01/2017,720396
26/01/2017,676652
27/01/2017,734142
28/01/2017,786654
29/01/2017,814616
30/01/2017,701556
31/01/2017,675395
01/02/2017,666562
02/02/2017,679929
03/02/2017,704161
04/02/2017,742866
05/02/2017,720854
06/02/2017,652628
07/02/2017,641999
08/02/2017,644625
09/02/2017,651139
10/02/2017,698016
11/02/2017,744468
12/02/2017,734782
13/02/2017,649498
14/02/2017,608329
15/02/2017,623082
16/02/2017,623666
17/02/2017,685443
18/02/2017,692532
19/02/2017,714208
20/02/2017,645868
21/02/2017,631794
22/02/2017,651285
23/02/2017,633032
24/02/2017,681548
25/02/2017,711755
26/02/2017,690779
27/02/2017,614436
28/02/2017,605217
01/03/2017,606439
02/03/2017,603688
03/03/2017,686031
04/03/2017,715449
05/03/2017,668776
06/03/2017,615829
07/03/2017,657426
08/03/2017,621064
09/03/2017,610761
10/03/2017,680655
11/03/2017,717597
12/03/2017,702023
13/03/2017,620293
14/03/2017,623902
15/03/2017,617890
16/03/2017,672521
17/03/2017,681259
18/03/2017,742356
19/03/2017,729305
20/03/2017,628774
21/03/2017,263988
22/03/2017,217547
23/03/2017,610454
24/03/2017,707789
25/03/2017,718526
26/03/2017,697758
27/03/2017,646662
28/03/2017,628450
29/03/2017,632688
30/03/2017,634066
31/03/2017,691424
01/04/2017,709841
02/04/2017,670980
03/04/2017,605519
04/04/2017,589725
05/04/2017,603084
06/04/2017,606153
07/04/2017,648400
08/04/2017,669903
09/04/2017,653292
10/04/2017,623083
11/04/2017,586229
12/04/2017,608500
13/04/2017,632507
14/04/2017,678017
15/04/2017,662140
16/04/2017,643858
17/04/2017,634384
18/04/2017,601773
19/04/2017,595795
20/04/2017,626863
21/04/2017,676578
22/04/2017,695235
23/04/2017,678710
24/04/2017,604982
25/04/2017,596141
26/04/2017,583886
27/04/2017,588412
28/04/2017,656297
29/04/2017,657033
30/04/2017,658518
01/05/2017,614208
02/05/2017,585271
03/05/2017,586022
04/05/2017,583529
05/05/2017,625936
06/05/2017,647264
07/05/2017,661043
08/05/2017,607179
09/05/2017,581865
10/05/2017,575531
11/05/2017,577966
12/05/2017,629636
13/05/2017,637449
14/05/2017,598456
15/05/2017,552306
16/05/2017,548379
17/05/2017,537489
18/05/2017,556096
19/05/2017,588701
20/05/2017,611009
21/05/2017,591578
22/05/2017,551426
23/05/2017,547353
24/05/2017,697189
25/05/2017,652278
26/05/2017,646348
27/05/2017,634745
28/05/2017,660036
29/05/2017,626065
30/05/2017,597689
31/05/2017,613628
01/06/2017,587333
02/06/2017,597967
03/06/2017,597664
04/06/2017,614621
05/06/2017,613469
06/06/2017,591709
07/06/2017,589809
08/06/2017,583035
09/06/2017,563296
10/06/2017,550924
11/06/2017,570133
12/06/2017,560388
13/06/2017,557934
14/06/2017,553916
15/06/2017,569006
16/06/2017,550839
17/06/2017,544831
18/06/2017,560055
19/06/2017,542091
20/06/2017,556544
21/06/2017,551348
22/06/2017,534468
23/06/2017,513878
24/06/2017,516287
25/06/2017,553576
26/06/2017,552219
27/06/2017,548167
28/06/2017,543096
29/06/2017,538041
30/06/2017,521360
01/07/2017,518499
02/07/2017,540849
03/07/2017,556759
04/07/2017,551362
05/07/2017,566198
06/07/2017,544039
07/07/2017,530554
08/07/2017,517999
09/07/2017,573327
10/07/2017,571169
11/07/2017,551483
12/07/2017,551601
13/07/2017,539155
14/07/2017,512567
15/07/2017,502054
16/07/2017,614018
17/07/2017,591459
18/07/2017,599439
19/07/2017,606490
20/07/2017,565060
21/07/2017,595802
22/07/2017,560747
23/07/2017,640277
24/07/2017,586487
25/07/2017,590525
26/07/2017,585696
27/07/2017,576007
28/07/2017,549724
29/07/2017,537230
30/07/2017,571197
31/07/2017,563326
01/08/2017,551086
02/08/2017,544959
03/08/2017,546773
04/08/2017,533354
05/08/2017,526712
06/08/2017,570353
07/08/2017,543468
08/08/2017,524971
09/08/2017,537376
10/08/2017,520173
11/08/2017,502368
12/08/2017,517703
13/08/2017,545419
14/08/2017,526566
15/08/2017,532716
16/08/2017,539318
17/08/2017,530770
18/08/2017,522758
19/08/2017,542314
20/08/2017,578435
21/08/2017,555466
22/08/2017,550432
23/08/2017,551829
24/08/2017,544368
25/08/2017,537541
26/08/2017,560708
27/08/2017,598656
28/08/2017,568901
29/08/2017,572216
30/08/2017,568790
31/08/2017,548525
01/09/2017,539475
02/09/2017,579851
03/09/2017,593235
04/09/2017,577061
05/09/2017,546878
06/09/2017,557450
07/09/2017,566040
08/09/2017,588277
09/09/2017,602111
10/09/2017,599224
11/09/2017,556861
12/09/2017,534626
13/09/2017,546069
14/09/2017,547273
15/09/2017,634902
16/09/2017,632688
17/09/2017,681413
18/09/2017,553806
19/09/2017,554338
20/09/2017,562646
21/09/2017,562963
22/09/2017,616501
23/09/2017,631448
24/09/2017,664381
25/09/2017,548050
26/09/2017,537705
27/09/2017,541534
28/09/2017,524556
29/09/2017,577291
30/09/2017,620094
01/10/2017,611518
02/10/2017,537514
03/10/2017,543065
04/10/2017,549053
05/10/2017,549107
06/10/2017,604716
07/10/2017,637380
08/10/2017,608484
09/10/2017,561918
10/10/2017,538813
11/10/2017,567882
12/10/2017,579953
13/10/2017,623998
14/10/2017,644082
15/10/2017,620344
16/10/2017,558088
17/10/2017,537573
18/10/2017,545310
19/10/2017,557610
20/10/2017,613627
21/10/2017,638306
22/10/2017,606747
23/10/2017,537976
24/10/2017,531758
25/10/2017,531604
26/10/2017,538111
27/10/2017,580500
28/10/2017,610301
29/10/2017,580309
30/10/2017,523187
31/10/2017,513681
01/11/2017,539262
02/11/2017,549402
03/11/2017,567808
04/11/2017,589590
05/11/2017,583008
06/11/2017,499132
07/11/2017,494940
08/11/2017,486659
09/11/2017,486288
10/11/2017,547883
11/11/2017,587871
12/11/2017,560426
13/11/2017,482962
14/11/2017,513621
15/11/2017,534564
16/11/2017,516933
17/11/2017,568119
18/11/2017,602797
19/11/2017,585195
20/11/2017,531437
21/11/2017,500243
22/11/2017,518804
23/11/2017,510407
24/11/2017,552587
25/11/2017,576143
26/11/2017,577085
27/11/2017,509051
28/11/2017,509630
29/11/2017,516162
30/11/2017,520337
01/12/2017,567425
02/12/2017,595057
03/12/2017,576910
04/12/2017,520456
05/12/2017,515183
06/12/2017,521198
07/12/2017,524875
08/12/2017,573360
09/12/2017,597245
10/12/2017,568209
11/12/2017,525852
12/12/2017,507127
13/12/2017,504585
14/12/2017,509276
15/12/2017,547230
16/12/2017,567984
17/12/2017,555527
18/12/2017,523730
19/12/2017,516719
20/12/2017,523831
21/12/2017,523752
22/12/2017,555899
23/12/2017,563128
24/12/2017,480947
25/12/2017,498570
26/12/2017,541428
27/12/2017,567700
28/12/2017,571746
29/12/2017,595916
30/12/2017,601351
31/12/2017,525010
01/01/2018,562303
02/01/2018,585366
03/01/2018,586264
04/01/2018,594399
05/01/2018,624935
06/01/2018,637505
07/01/2018,630304
08/01/2018,576748
09/01/2018,566722
10/01/2018,567567
11/01/2018,568774
12/01/2018,668760
13/01/2018,719298
14/01/2018,685671
15/01/2018,636333
16/01/2018,593744
17/01/2018,599972
18/01/2018,595232
19/01/2018,655649
20/01/2018,699554
21/01/2018,680851
22/01/2018,624715
23/01/2018,625218
24/01/2018,615915
25/01/2018,637926
26/01/2018,678188
27/01/2018,706921
28/01/2018,696163
29/01/2018,644694
30/01/2018,638633
31/01/2018,637591
01/02/2018,636677
02/02/2018,677325
03/02/2018,691196
04/02/2018,680014
05/02/2018,598428
06/02/2018,596670
07/02/2018,605058
08/02/2018,591147
09/02/2018,640351
10/02/2018,660501
11/02/2018,643976
12/02/2018,597726
13/02/2018,600257
14/02/2018,573227
15/02/2018,587720
16/02/2018,672985
17/02/2018,686585
18/02/2018,676972
19/02/2018,627876
20/02/2018,606328
21/02/2018,616435
22/02/2018,626295
23/02/2018,640398
24/02/2018,671699
25/02/2018,644153
26/02/2018,582008
27/02/2018,578734
28/02/2018,585699
01/03/2018,571844
02/03/2018,638187
03/03/2018,674462
04/03/2018,631236
05/03/2018,566908
06/03/2018,571364
07/03/2018,609941
08/03/2018,579562
09/03/2018,622953
10/03/2018,660359
11/03/2018,624754
12/03/2018,549112
13/03/2018,548653
14/03/2018,540552
15/03/2018,540695
16/03/2018,612997
17/03/2018,634880
18/03/2018,612211
19/03/2018,529982
20/03/2018,528422
21/03/2018,527812
22/03/2018,523792
23/03/2018,567442
24/03/2018,593672
25/03/2018,583809
26/03/2018,535668
27/03/2018,524781
28/03/2018,553566
29/03/2018,545064
30/03/2018,589158
31/03/2018,544396
01/04/2018,522474
02/04/2018,510461
03/04/2018,481121
04/04/2018,493898
05/04/2018,478398
06/04/2018,515858
07/04/2018,523827
08/04/2018,502355
09/04/2018,442875
10/04/2018,441873
11/04/2018,442723
12/04/2018,449917
13/04/2018,486166
14/04/2018,501226
15/04/2018,485242
16/04/2018,446893
17/04/2018,437164
18/04/2018,427398
19/04/2018,421633
20/04/2018,461568
21/04/2018,487714
22/04/2018,492181
23/04/2018,443309
24/04/2018,428943
25/04/2018,431212
26/04/2018,429449
27/04/2018,444255
28/04/2018,465955
29/04/2018,473796
30/04/2018,455403
01/05/2018,435923
02/05/2018,401273
03/05/2018,406918
04/05/2018,436659
05/05/2018,454436
06/05/2018,443751
07/05/2018,400741
08/05/2018,416641
09/05/2018,374213
10/05/2018,386331
11/05/2018,422768
12/05/2018,435667
13/05/2018,423090
14/05/2018,386353
15/05/2018,381411
16/05/2018,386297
17/05/2018,378731
18/05/2018,410765
19/05/2018,424847
20/05/2018,416185
21/05/2018,397327
22/05/2018,386506
23/05/2018,382180
24/05/2018,387091
25/05/2018,406335
26/05/2018,404882
27/05/2018,420441
28/05/2018,411336
29/05/2018,403800
30/05/2018,391231
31/05/2018,414384
01/06/2018,401912
02/06/2018,398415
03/06/2018,422310
04/06/2018,400075
05/06/2018,401950
06/06/2018,401474
07/06/2018,395399
08/06/2018,385574
09/06/2018,406915
10/06/2018,401825
11/06/2018,406801
12/06/2018,396623
13/06/2018,407797
14/06/2018,396812
15/06/2018,355709
16/06/2018,375844
17/06/2018,396111
18/06/2018,391787
19/06/2018,389800
20/06/2018,404184
21/06/2018,380788
22/06/2018,388254
23/06/2018,385005
24/06/2018,403726
25/06/2018,389087
26/06/2018,381327
27/06/2018,377047
28/06/2018,378351
29/06/2018,379774
30/06/2018,371997
01/07/2018,396799
02/07/2018,389880
03/07/2018,365647
04/07/2018,399953
05/07/2018,393703
06/07/2018,372084
07/07/2018,370039
08/07/2018,420674
09/07/2018,429650
10/07/2018,378806
11/07/2018,381982
12/07/2018,403220
13/07/2018,386670
14/07/2018,386930
15/07/2018,421859
16/07/2018,410965
17/07/2018,410387
18/07/2018,412253
19/07/2018,393113
20/07/2018,379547
21/07/2018,369377
22/07/2018,402249
23/07/2018,405865
24/07/2018,395213
25/07/2018,388536
26/07/2018,386955
27/07/2018,366820
28/07/2018,370155
29/07/2018,398283
30/07/2018,404885
31/07/2018,390725
01/08/2018,384368
02/08/2018,378118
03/08/2018,404780
04/08/2018,403304
05/08/2018,426277
06/08/2018,418671
07/08/2018,399534
08/08/2018,414487
09/08/2018,400059
10/08/2018,382492
11/08/2018,391139
12/08/2018,415889
13/08/2018,406483
14/08/2018,387909
15/08/2018,392190
16/08/2018,403366
17/08/2018,392254
18/08/2018,402196
19/08/2018,428710
20/08/2018,402305
21/08/2018,391082
22/08/2018,391082
23/08/2018,386361
24/08/2018,386639
25/08/2018,408895
26/08/2018,456907
27/08/2018,427268
28/08/2018,425595
29/08/2018,423666
30/08/2018,420600
31/08/2018,429373
01/09/2018,451304
02/09/2018,454425
03/09/2018,458145
04/09/2018,420799
05/09/2018,433306
06/09/2018,430506
07/09/2018,473064
08/09/2018,510248
09/09/2018,523315
10/09/2018,494317
11/09/2018,488980
12/09/2018,473249
13/09/2018,488112
14/09/2018,520394
15/09/2018,549895
16/09/2018,554058
17/09/2018,499820
18/09/2018,482772
19/09/2018,476273
20/09/2018,477057
21/09/2018,529496
22/09/2018,587639
23/09/2018,584417
24/09/2018,520926
25/09/2018,535791
26/09/2018,526703
27/09/2018,497875
28/09/2018,525647
29/09/2018,545234
30/09/2018,573410
01/10/2018,520380
02/10/2018,513422
03/10/2018,512932
04/10/2018,509096
05/10/2018,544025
06/10/2018,567916
07/10/2018,544391
08/10/2018,510312
09/10/2018,499103
10/10/2018,489270
11/10/2018,489305
12/10/2018,529774
13/10/2018,531049
14/10/2018,521403
15/10/2018,482625
16/10/2018,466907
17/10/2018,475983
18/10/2018,475672
19/10/2018,513368
20/10/2018,535314
21/10/2018,519435
22/10/2018,465645
23/10/2018,466671
24/10/2018,482083
25/10/2018,492784
26/10/2018,525136
27/10/2018,544244
28/10/2018,543919
29/10/2018,475117
30/10/2018,460838
31/10/2018,439593
01/11/2018,473842
02/11/2018,485776
03/11/2018,506248
04/11/2018,524056
05/11/2018,446011
06/11/2018,432726
07/11/2018,428192
08/11/2018,429044
09/11/2018,478359
10/11/2018,516365
11/11/2018,492961
12/11/2018,454763
13/11/2018,471698
14/11/2018,474959
15/11/2018,480043
16/11/2018,516851
17/11/2018,546192
18/11/2018,543916
19/11/2018,488906
20/11/2018,478568
21/11/2018,456412
22/11/2018,461948
23/11/2018,496143
24/11/2018,529379
25/11/2018,514340
26/11/2018,457745
27/11/2018,463123
28/11/2018,458216
29/11/2018,458409
30/11/2018,504854
01/12/2018,534609
02/12/2018,514335
03/12/2018,458076
04/12/2018,465526
05/12/2018,463505
06/12/2018,452285
07/12/2018,688741
08/12/2018,749638
09/12/2018,740157
10/12/2018,653740
11/12/2018,631190
12/12/2018,612615
13/12/2018,608040
14/12/2018,653802
15/12/2018,685090
16/12/2018,663957
17/12/2018,607836
18/12/2018,599055
19/12/2018,596047
20/12/2018,590125
21/12/2018,625674
22/12/2018,638507
23/12/2018,608651
24/12/2018,537230
25/12/2018,552211
26/12/2018,592111
27/12/2018,607195
28/12/2018,623818
29/12/2018,636931
30/12/2018,635244
31/12/2018,565800
01/01/2019,577546
02/01/2019,617293
03/01/2019,614938
04/01/2019,648525
05/01/2019,671521
06/01/2019,667843
07/01/2019,619371
08/01/2019,604350
09/01/2019,598055
10/01/2019,601609
11/01/2019,649360
12/01/2019,687299
13/01/2019,657620
14/01/2019,596411
15/01/2019,595994
16/01/2019,598740
17/01/2019,600970
18/01/2019,637700
19/01/2019,663631
20/01/2019,665934
21/01/2019,620408
22/01/2019,607583
23/01/2019,619365
24/01/2019,612605
25/01/2019,644652
26/01/2019,682297
27/01/2019,668664
28/01/2019,603970
29/01/2019,621303
30/01/2019,622533
31/01/2019,621355
01/02/2019,628397
02/02/2019,651044
03/02/2019,656097
04/02/2019,593481
05/02/2019,571128
06/02/2019,570858
07/02/2019,571388
08/02/2019,607871
09/02/2019,630610
10/02/2019,614597
11/02/2019,543314
12/02/2019,543607
13/02/2019,554770
14/02/2019,533391
15/02/2019,614110
16/02/2019,635048
17/02/2019,620922
18/02/2019,572682
19/02/2019,545518
20/02/2019,559958
21/02/2019,545552
22/02/2019,603534
23/02/2019,624672
24/02/2019,609501
25/02/2019,548157
26/02/2019,541458
27/02/2019,552440
28/02/2019,552326
01/03/2019,608156
02/03/2019,651158
03/03/2019,636794
04/03/2019,605420
05/03/2019,606247
06/03/2019,591936
07/03/2019,611878
08/03/2019,616811
09/03/2019,658309
10/03/2019,634783
11/03/2019,565946
12/03/2019,560701
13/03/2019,562243
14/03/2019,614450
15/03/2019,651118
16/03/2019,683952
17/03/2019,655834
18/03/2019,580816
19/03/2019,569623
20/03/2019,574208
21/03/2019,576218
22/03/2019,623358
23/03/2019,640328
24/03/2019,650464
25/03/2019,583445
26/03/2019,591372
27/03/2019,589838
28/03/2019,578916
29/03/2019,601629
30/03/2019,620057
31/03/2019,631033
01/04/2019,562121
02/04/2019,565934
03/04/2019,560259
04/04/2019,565948
05/04/2019,602699
06/04/2019,603953
07/04/2019,617358
08/04/2019,558585
09/04/2019,549433
10/04/2019,551738
11/04/2019,559450
12/04/2019,603108
13/04/2019,622852
14/04/2019,616891
15/04/2019,547137
16/04/2019,547117
17/04/2019,541109
18/04/2019,529877
19/04/2019,576762
20/04/2019,574395
21/04/2019,541089
22/04/2019,537243
23/04/2019,524659
24/04/2019,515270
25/04/2019,501579
26/04/2019,534961
27/04/2019,553900
28/04/2019,583792
29/04/2019,507100
30/04/2019,553538
01/05/2019,568214
02/05/2019,543586
03/05/2019,561108
04/05/2019,582012
05/05/2019,592848
06/05/2019,511905
07/05/2019,512842
08/05/2019,537264
09/05/2019,501046
10/05/2019,530884
11/05/2019,573543
12/05/2019,564053
13/05/2019,507766
14/05/2019,509692
15/05/2019,505588
16/05/2019,492619
17/05/2019,545377
18/05/2019,581331
19/05/2019,578137
20/05/2019,504720
21/05/2019,507507
22/05/2019,518201
23/05/2019,517583
24/05/2019,560173
25/05/2019,584825
26/05/2019,581672
27/05/2019,530025
28/05/2019,531695
29/05/2019,535884
30/05/2019,562774
31/05/2019,573692
01/06/2019,585349
02/06/2019,585557
03/06/2019,526783
04/06/2019,516888
05/06/2019,526735
06/06/2019,542164
07/06/2019,538759
08/06/2019,568071
09/06/2019,582363
10/06/2019,564597
11/06/2019,546253
12/06/2019,540656
13/06/2019,552723
14/06/2019,567322
15/06/2019,587433
16/06/2019,591839
17/06/2019,550624
18/06/2019,547789
19/06/2019,561396
20/06/2019,577440
21/06/2019,574004
22/06/2019,581726
23/06/2019,588757
24/06/2019,552351
25/06/2019,553924
26/06/2019,549427
27/06/2019,547556
28/06/2019,546089
29/06/2019,547650
30/06/2019,545506
01/07/2019,537673
02/07/2019,528779
03/07/2019,529598
04/07/2019,524409
05/07/2019,539950
06/07/2019,542013
07/07/2019,567573
08/07/2019,543308
09/07/2019,546354
10/07/2019,551439
11/07/2019,557663
12/07/2019,566931
13/07/2019,569045
14/07/2019,579696
15/07/2019,558523
16/07/2019,566897
17/07/2019,549455
18/07/2019,546245
19/07/2019,537615
20/07/2019,542687
21/07/2019,558577
22/07/2019,546700
23/07/2019,546245
24/07/2019,543019
25/07/2019,554700
26/07/2019,558518
27/07/2019,553430
28/07/2019,561258
29/07/2019,553736
30/07/2019,563644
31/07/2019,542754
01/08/2019,564132
02/08/2019,566001
03/08/2019,567354
04/08/2019,584024
05/08/2019,564464
06/08/2019,559560
07/08/2019,551299
08/08/2019,561446
09/08/2019,570765
10/08/2019,582225
11/08/2019,588516
12/08/2019,577257
13/08/2019,578384
14/08/2019,577334
15/08/2019,578682
16/08/2019,587440
17/08/2019,600467
18/08/2019,625961
19/08/2019,593590
20/08/2019,576918
21/08/2019,584600
22/08/2019,581697
23/08/2019,611524
24/08/2019,606327
25/08/2019,640663
26/08/2019,612906
27/08/2019,620818
28/08/2019,625083
29/08/2019,617096
30/08/2019,634547
31/08/2019,650734
01/09/2019,659195
02/09/2019,623132
03/09/2019,588645
04/09/2019,586540
05/09/2019,571595
06/09/2019,638348
07/09/2019,691087
08/09/2019,711947
09/09/2019,614593
10/09/2019,604072
11/09/2019,608250
12/09/2019,635520
13/09/2019,651843
14/09/2019,680012
15/09/2019,697360
16/09/2019,584654
17/09/2019,584933
18/09/2019,599703
19/09/2019,604521
20/09/2019,666234
21/09/2019,721719
22/09/2019,689283
23/09/2019,587942
24/09/2019,586083
25/09/2019,585770
26/09/2019,580854
27/09/2019,646588
28/09/2019,691200
29/09/2019,723700
30/09/2019,636017
01/10/2019,606865
02/10/2019,598929
03/10/2019,607680
04/10/2019,649179
05/10/2019,702737
06/10/2019,736095
07/10/2019,593696
08/10/2019,587908
09/10/2019,592077
10/10/2019,596661
11/10/2019,650945
12/10/2019,730551
13/10/2019,696199
14/10/2019,618794
15/10/2019,565809
16/10/2019,576760
17/10/2019,579182
18/10/2019,639583
19/10/2019,754909
20/10/2019,719599
21/10/2019,609697
22/10/2019,589634
23/10/2019,591211
24/10/2019,593837
25/10/2019,646260
26/10/2019,687657
27/10/2019,651330
28/10/2019,570898
29/10/2019,562221
30/10/2019,561445
31/10/2019,560330
01/11/2019,632716
02/11/2019,667826
03/11/2019,672470
04/11/2019,581586
05/11/2019,559428
06/11/2019,565340
07/11/2019,571773
08/11/2019,622400
09/11/2019,715036
10/11/2019,629632
11/11/2019,573425
12/11/2019,552527
13/11/2019,550375
14/11/2019,567136
15/11/2019,649848
16/11/2019,712500
17/11/2019,693021
18/11/2019,573863
19/11/2019,699297
20/11/2019,646993
21/11/2019,622363
22/11/2019,691596
23/11/2019,764438
24/11/2019,742946
25/11/2019,619277
26/11/2019,596910
27/11/2019,627368
28/11/2019,609396
29/11/2019,684870
30/11/2019,759412
01/12/2019,722402
02/12/2019,591367
03/12/2019,598239
04/12/2019,624813
05/12/2019,614239
06/12/2019,701035
07/12/2019,771640
08/12/2019,746357
09/12/2019,625454
10/12/2019,613617
11/12/2019,638294
12/12/2019,608913
13/12/2019,707912
14/12/2019,761448
15/12/2019,745263
16/12/2019,618872
17/12/2019,612331
18/12/2019,640425
19/12/2019,640917
20/12/2019,715562
21/12/2019,733293
22/12/2019,716067
23/12/2019,655944
24/12/2019,636030
25/12/2019,653216
26/12/2019,676008
27/12/2019,733416
28/12/2019,742771
29/12/2019,740118
30/12/2019,709943
31/12/2019,695220
01/01/2020,694327
02/01/2020,714555
03/01/2020,759329
04/01/2020,779054
05/01/2020,768693
06/01/2020,723301
07/01/2020,709537
08/01/2020,715930
09/01/2020,692362
10/01/2020,738802
11/01/2020,805733
12/01/2020,822490
13/01/2020,694511
14/01/2020,684222
15/01/2020,693126
16/01/2020,694151
17/01/2020,729182
18/01/2020,780679
19/01/2020,784392
20/01/2020,725101
21/01/2020,700650
22/01/2020,714086
23/01/2020,710041
24/01/2020,744747
25/01/2020,755927
26/01/2020,779615
27/01/2020,695110
28/01/2020,704919
29/01/2020,725786
30/01/2020,693848
31/01/2020,746299
01/02/2020,801127
02/02/2020,828642
03/02/2020,717757
04/02/2020,710622
05/02/2020,734315
06/02/2020,745212
07/02/2020,787521
08/02/2020,876575
09/02/2020,901681
10/02/2020,767824
11/02/2020,765911
12/02/2020,765364
13/02/2020,761042
14/02/2020,769965
15/02/2020,870940
16/02/2020,893811
17/02/2020,752432
18/02/2020,747465
19/02/2020,770785
20/02/2020,741022
21/02/2020,799293
22/02/2020,866684
23/02/2020,896092
24/02/2020,762739
25/02/2020,765376
26/02/2020,779423
27/02/2020,788179
28/02/2020,856801
29/02/2020,933748
01/03/2020,925990
02/03/2020,778860
03/03/2020,768562
04/03/2020,811344
05/03/2020,789769
06/03/2020,867924
07/03/2020,953051
08/03/2020,953114
09/03/2020,808581
10/03/2020,787841
11/03/2020,803004
12/03/2020,841468
13/03/2020,936750
14/03/2020,1007062
15/03/2020,1024845
16/03/2020,971220
17/03/2020,991675
18/03/2020,1003208
19/03/2020,1018690
20/03/2020,1060189
21/03/2020,1091858
22/03/2020,1102067
23/03/2020,1078859
24/03/2020,1079644
25/03/2020,1085157
26/03/2020,1093863
27/03/2020,1091740
28/03/2020,1080631
29/03/2020,1123002
30/03/2020,1138639
31/03/2020,1152459
01/04/2020,1226724
02/04/2020,1224247
03/04/2020,1191540
04/04/2020,1230947
05/04/2020,1189488
06/04/2020,1203825
07/04/2020,1193571
08/04/2020,1209154
09/04/2020,1241444
10/04/2020,1251665
11/04/2020,1271725
12/04/2020,1250565
13/04/2020,1267419
14/04/2020,1275055
15/04/2020,1276026
16/04/2020,1270409
17/04/2020,1301348
18/04/2020,1308963
19/04/2020,1275057
20/04/2020,1243058
21/04/2020,1247322
22/04/2020,1219736
23/04/2020,1200613
24/04/2020,1250167
25/04/2020,1229864
26/04/2020,1202791
27/04/2020,1169979
28/04/2020,1169370
29/04/2020,1207371
30/04/2020,1204257
01/05/2020,1197982
02/05/2020,1179111
03/05/2020,1177330
04/05/2020,1150445
05/05/2020,1110015
06/05/2020,1130904
07/05/2020,1084248
08/05/2020,1066098
09/05/2020,1079545
10/05/2020,1101279
11/05/2020,1096609
12/05/2020,1063776
13/05/2020,1093244
14/05/2020,1066988
15/05/2020,1023159
16/05/2020,1043795
17/05/2020,1034930
18/05/2020,979977
19/05/2020,1001249
20/05/2020,964754
21/05/2020,988808
22/05/2020,991212
23/05/2020,1027590
24/05/2020,1044056
25/05/2020,1015434
26/05/2020,1010289
27/05/2020,994122
28/05/2020,1013795
29/05/2020,1043130
30/05/2020,1044511
31/05/2020,1023150
01/06/2020,1011177
02/06/2020,937580
03/06/2020,932760
04/06/2020,934448
05/06/2020,957636
06/06/2020,929395
07/06/2020,920203
08/06/2020,892104
09/06/2020,887230
10/06/2020,891906
11/06/2020,901667
12/06/2020,899776
13/06/2020,895775
14/06/2020,903070
15/06/2020,881845
16/06/2020,886728
17/06/2020,911994
18/06/2020,911574
19/06/2020,913403
20/06/2020,888537
21/06/2020,928180
22/06/2020,907735
23/06/2020,881345
24/06/2020,920470
25/06/2020,871671
26/06/2020,857056
27/06/2020,814327
28/06/2020,861860
29/06/2020,868848
30/06/2020,842219
01/07/2020,843328
02/07/2020,851382
03/07/2020,857806
04/07/2020,828139
05/07/2020,860341
06/07/2020,851345
07/07/2020,855458
08/07/2020,861948
09/07/2020,837672
10/07/2020,841988
11/07/2020,842185
12/07/2020,852054
13/07/2020,856898
14/07/2020,855750
15/07/2020,828038
16/07/2020,836648
17/07/2020,824560
18/07/2020,820206
19/07/2020,839501
20/07/2020,842220
21/07/2020,840672
22/07/2020,836025
23/07/2020,834506
24/07/2020,829455
25/07/2020,818275
26/07/2020,850662
27/07/2020,834659
28/07/2020,836535
29/07/2020,848767
30/07/2020,851551
31/07/2020,842888
01/08/2020,827135
02/08/2020,861813
03/08/2020,863741
04/08/2020,880796
05/08/2020,831404
06/08/2020,853520
07/08/2020,932283
08/08/2020,843194
09/08/2020,853039
10/08/2020,893174
11/08/2020,899024
12/08/2020,884995
13/08/2020,876966
14/08/2020,875455
15/08/2020,854792
16/08/2020,877467
17/08/2020,868256
18/08/2020,874622
19/08/2020,876088
20/08/2020,896082
21/08/2020,880736
22/08/2020,872493
23/08/2020,900146
24/08/2020,853676
25/08/2020,870124
26/08/2020,908704
27/08/2020,887323
28/08/2020,898136
29/08/2020,884184
30/08/2020,906097
31/08/2020,888439
01/09/2020,831180
02/09/2020,835468
03/09/2020,838798
04/09/2020,893954
05/09/2020,915371
06/09/2020,921436
07/09/2020,868058
08/09/2020,881428
09/09/2020,874879
10/09/2020,883198
11/09/2020,949174
12/09/2020,980879
13/09/2020,945582
14/09/2020,877018
15/09/2020,862722
16/09/2020,838981
17/09/2020,875989
18/09/2020,933914
19/09/2020,957983
20/09/2020,927416
21/09/2020,842803
22/09/2020,842089
23/09/2020,856608
24/09/2020,830111
25/09/2020,899225
26/09/2020,892015
27/09/2020,888767
28/09/2020,809850
29/09/2020,820539
30/09/2020,858784
01/10/2020,789179
02/10/2020,870763
03/10/2020,883089
04/10/2020,904380
05/10/2020,845419
06/10/2020,828380
07/10/2020,844690
08/10/2020,825650
09/10/2020,879815
10/10/2020,927161
11/10/2020,890485
12/10/2020,823765
13/10/2020,841109
14/10/2020,867616
15/10/2020,811378
16/10/2020,921298
17/10/2020,945280
18/10/2020,942901
19/10/2020,841530
20/10/2020,853447
21/10/2020,851483
22/10/2020,869057
23/10/2020,906202
24/10/2020,943740
25/10/2020,926943
26/10/2020,870425
27/10/2020,868925
28/10/2020,894422
29/10/2020,903157
30/10/2020,951748
31/10/2020,923784
01/11/2020,938972
02/11/2020,865559
03/11/2020,892234
04/11/2020,915539
05/11/2020,900839
06/11/2020,966137
07/11/2020,988989
08/11/2020,972546
09/11/2020,891145
10/11/2020,902533
11/11/2020,892001
12/11/2020,885755
13/11/2020,980079
14/11/2020,1011452
15/11/2020,993613
16/11/2020,910911
17/11/2020,925392
18/11/2020,926887
19/11/2020,907302
20/11/2020,1027398
21/11/2020,1040051
22/11/2020,1029560
23/11/2020,935172
24/11/2020,928674
25/11/2020,907850
26/11/2020,925227
27/11/2020,957979
28/11/2020,1032509
29/11/2020,998892
30/11/2020,911943
01/12/2020,901058
02/12/2020,906912
03/12/2020,918924
04/12/2020,1168240
05/12/2020,1169661
06/12/2020,1129059
07/12/2020,1013570
08/12/2020,985934
09/12/2020,1008334
10/12/2020,925996
11/12/2020,971683
12/12/2020,1089094
13/12/2020,1062017
14/12/2020,968998
15/12/2020,956429
16/12/2020,980020
17/12/2020,973337
18/12/2020,1023525
19/12/2020,1078252
20/12/2020,1045197
21/12/2020,977794
22/12/2020,969469
23/12/2020,1015643
24/12/2020,977827
25/12/2020,1020927
26/12/2020,1086537
27/12/2020,1067109
28/12/2020,1033854
29/12/2020,1033375
30/12/2020,1056057
31/12/2020,982583
01/01/2021,1020715
02/01/2021,1079804
03/01/2021,1067795
04/01/2021,1047477
05/01/2021,1049455
06/01/2021,1072613
07/01/2021,1054597
08/01/2021,1051904
09/01/2021,1071693
10/01/2021,1062232
11/01/2021,991280
12/01/2021,995788
13/01/2021,998932
14/01/2021,985870
15/01/2021,1018160
16/01/2021,1079783
17/01/2021,1080127
18/01/2021,987532
19/01/2021,986711
20/01/2021,1013052
21/01/2021,1012235
22/01/2021,1060724
23/01/2021,1107826
24/01/2021,1118387
25/01/2021,1016356
26/01/2021,1018800
27/01/2021,1043216
28/01/2021,1053503
29/01/2021,1076999
30/01/2021,1115786
31/01/2021,1125411
01/02/2021,1027088
02/02/2021,1008757
03/02/2021,1029603
04/02/2021,1013800
05/02/2021,1039577
06/02/2021,1075574
07/02/2021,1119604
08/02/2021,1020802
09/02/2021,1020303
10/02/2021,1029544
11/02/2021,1036074
12/02/2021,1051602
13/02/2021,1045646
14/02/2021,1036840
15/02/2021,1030571
16/02/2021,1049741
17/02/2021,1061470
18/02/2021,1054605
19/02/2021,1070445
20/02/2021,1109654
21/02/2021,1118611
22/02/2021,1094706
23/02/2021,1070591
24/02/2021,1053941
25/02/2021,1046663
26/02/2021,1054435
27/02/2021,1125838
28/02/2021,1111889
01/03/2021,1023120
02/03/2021,1003860
03/03/2021,1028293
04/03/2021,1036729
05/03/2021,1131887
06/03/2021,1168536
07/03/2021,1158039
08/03/2021,1106575
09/03/2021,1059727
10/03/2021,1082860
11/03/2021,1093173
12/03/2021,1172585
13/03/2021,1201993
14/03/2021,1178958
15/03/2021,1061596
16/03/2021,1053151
17/03/2021,1108228
18/03/2021,1097727
19/03/2021,1144971
20/03/2021,1186105
21/03/2021,1181114
22/03/2021,1094711
23/03/2021,1093322
24/03/2021,1073382
25/03/2021,1073766
26/03/2021,1117310
27/03/2021,1124240
28/03/2021,1122312
29/03/2021,1046706
30/03/2021,1036758
31/03/2021,1033211
01/04/2021,1053509
02/04/2021,1110758
03/04/2021,1138311
04/04/2021,1150982
05/04/2021,1096738
06/04/2021,1085149
07/04/2021,1070209
08/04/2021,1079320
09/04/2021,1129251
10/04/2021,1145336
11/04/2021,1101657
12/04/2021,1030824
13/04/2021,1032624
14/04/2021,959823
15/04/2021,1048821
16/04/2021,1112625
17/04/2021,1122110
18/04/2021,1088805
19/04/2021,1005473
20/04/2021,1009295
21/04/2021,1015810
22/04/2021,1020824
23/04/2021,1127729
24/04/2021,1102251
25/04/2021,1115863
26/04/2021,1012853
27/04/2021,1025198
28/04/2021,992049
29/04/2021,972781
30/04/2021,1022875
01/05/2021,952439
02/05/2021,977703
03/05/2021,988108
04/05/2021,1088168
05/05/2021,1040111
06/05/2021,1016313
07/05/2021,978012
08/05/2021,1029897
09/05/2021,981130
10/05/2021,968851
11/05/2021,943235
12/05/2021,964303
13/05/2021,986626
14/05/2021,1006940
15/05/2021,1030227
16/05/2021,1020628
17/05/2021,918526
18/05/2021,926647
19/05/2021,935159
20/05/2021,937617
21/05/2021,953534
22/05/2021,998970
23/05/2021,963175
24/05/2021,931911
25/05/2021,914002
26/05/2021,935117
27/05/2021,933185
28/05/2021,940497
29/05/2021,970800
30/05/2021,956249
31/05/2021,898663
01/06/2021,892929
02/06/2021,910117
03/06/2021,929940
04/06/2021,918403
05/06/2021,891795
06/06/2021,890085
07/06/2021,836590
08/06/2021,819509
09/06/2021,837448
10/06/2021,843785
11/06/2021,833109
12/06/2021,828350
13/06/2021,852807
14/06/2021,803038
15/06/2021,788472
16/06/2021,775388
17/06/2021,773086
18/06/2021,824114
19/06/2021,775987
20/06/2021,806350
21/06/2021,791727
22/06/2021,788748
23/06/2021,772009
24/06/2021,789025
25/06/2021,797678
26/06/2021,782173
27/06/2021,769535
28/06/2021,748956
29/06/2021,754001
30/06/2021,758774
01/07/2021,756820
02/07/2021,763249
03/07/2021,766510
04/07/2021,758622
05/07/2021,751053
06/07/2021,730528
07/07/2021,739924
08/07/2021,721844
09/07/2021,699940
10/07/2021,717506
11/07/2021,737835
12/07/2021,727427
13/07/2021,732964
14/07/2021,721986
15/07/2021,719045
16/07/2021,716694
17/07/2021,722621
18/07/2021,739355
19/07/2021,733470
20/07/2021,729240
21/07/2021,727854
22/07/2021,722573
23/07/2021,735572
24/07/2021,728882
25/07/2021,752672
26/07/2021,729177
27/07/2021,724546
28/07/2021,731578
29/07/2021,735700
30/07/2021,735589
31/07/2021,737865
01/08/2021,730208
02/08/2021,735987
03/08/2021,733646
04/08/2021,746905
05/08/2021,739455
06/08/2021,758084
07/08/2021,759183
08/08/2021,778303
09/08/2021,741799
10/08/2021,741606
11/08/2021,742259
12/08/2021,736536
13/08/2021,726366
14/08/2021,727424
15/08/2021,766406
16/08/2021,739473
17/08/2021,736982
18/08/2021,747855
19/08/2021,751249
20/08/2021,754472
21/08/2021,765017
22/08/2021,781459
23/08/2021,760504
24/08/2021,762306
25/08/2021,761705
26/08/2021,772924
27/08/2021,772319
28/08/2021,769218
29/08/2021,804133
30/08/2021,780285
31/08/2021,763104
01/09/2021,741011
02/09/2021,719796
03/09/2021,768149
04/09/2021,815090
05/09/2021,799078
06/09/2021,733141
07/09/2021,726125
08/09/2021,726141
09/09/2021,722206
10/09/2021,774125
11/09/2021,822506
12/09/2021,803251
13/09/2021,740533
14/09/2021,742765
15/09/2021,746009
16/09/2021,769913
17/09/2021,793807
18/09/2021,866697
19/09/2021,889242
20/09/2021,805124
21/09/2021,752135
22/09/2021,949817
23/09/2021,875772
24/09/2021,913367
25/09/2021,895908
26/09/2021,873386
27/09/2021,775285
28/09/2021,757827
29/09/2021,801358
30/09/2021,821019
01/10/2021,812501
02/10/2021,832243
03/10/2021,866030
04/10/2021,777988
05/10/2021,789100
06/10/2021,798637
07/10/2021,761673
08/10/2021,759077
09/10/2021,851986
10/10/2021,826577
11/10/2021,715717
12/10/2021,703559
13/10/2021,735500
14/10/2021,739776
15/10/2021,787298
16/10/2021,817181
17/10/2021,763733
18/10/2021,684589
19/10/2021,696380
20/10/2021,721991
21/10/2021,716013
22/10/2021,794754
23/10/2021,822157
24/10/2021,803183
25/10/2021,713094
26/10/2021,750923
27/10/2021,770805
28/10/2021,749557
29/10/2021,850162
30/10/2021,842336
31/10/2021,799451
01/11/2021,781083
02/11/2021,790510
03/11/2021,810291
04/11/2021,791542
05/11/2021,854228
06/11/2021,796715
07/11/2021,878192
08/11/2021,775266
09/11/2021,763398
10/11/2021,777281
11/11/2021,770276
12/11/2021,857244
13/11/2021,904117
14/11/2021,870591
15/11/2021,761068
16/11/2021,746214
17/11/2021,815502
18/11/2021,811481
19/11/2021,862191
20/11/2021,944330
21/11/2021,880722
22/11/2021,772757
23/11/2021,778520
24/11/2021,787463
25/11/2021,775470
26/11/2021,873301
27/11/2021,941571
28/11/2021,915791
29/11/2021,801498
30/11/2021,812826
01/12/2021,830006
02/12/2021,735739
03/12/2021,876314
04/12/2021,935232
05/12/2021,950586
06/12/2021,802622
07/12/2021,808506
08/12/2021,825641
09/12/2021,810138
10/12/2021,886487
11/12/2021,938618
12/12/2021,887983
13/12/2021,773226
14/12/2021,783556
15/12/2021,731836
16/12/2021,743366
17/12/2021,807333
18/12/2021,905816
19/12/2021,802709
20/12/2021,760785
21/12/2021,801759
22/12/2021,795569
23/12/2021,765477
24/12/2021,842137
25/12/2021,822397
26/12/2021,795472
27/12/2021,782192
28/12/2021,784752
29/12/2021,811521
30/12/2021,804141
31/12/2021,779880
01/01/2022,798402
02/01/2022,867147
03/01/2022,802899
04/01/2022,804344
05/01/2022,803469
06/01/2022,797182
07/01/2022,830034
08/01/2022,869250
09/01/2022,881051
10/01/2022,745151
11/01/2022,783116
12/01/2022,730785
13/01/2022,759311
14/01/2022,819812
15/01/2022,890445
16/01/2022,906996
17/01/2022,792579
18/01/2022,797267
19/01/2022,812721
20/01/2022,825195
21/01/2022,952320
22/01/2022,983565
23/01/2022,992455
24/01/2022,897652
25/01/2022,896113
26/01/2022,899565
27/01/2022,911275
28/01/2022,913875
29/01/2022,958585
30/01/2022,969791
31/01/2022,872819
01/02/2022,867099
02/02/2022,851602
03/02/2022,855215
04/02/2022,892056
05/02/2022,930346
06/02/2022,964971
07/02/2022,892332
08/02/2022,897336
09/02/2022,907026
10/02/2022,912317
11/02/2022,933423
12/02/2022,959550
13/02/2022,989793
14/02/2022,848698
15/02/2022,866853
16/02/2022,860331
17/02/2022,858437
18/02/2022,895336
19/02/2022,979369
20/02/2022,979085
21/02/2022,867644
22/02/2022,886195
23/02/2022,898714
24/02/2022,840791
25/02/2022,904216
26/02/2022,982577
27/02/2022,997730
28/02/2022,870951
01/03/2022,878083
02/03/2022,865411
03/03/2022,833370
04/03/2022,921636
05/03/2022,992082
06/03/2022,963573
07/03/2022,846631
08/03/2022,852533
09/03/2022,823266
10/03/2022,837396
11/03/2022,933990
12/03/2022,993808
13/03/2022,970574
14/03/2022,837287
15/03/2022,833236
16/03/2022,819213
17/03/2022,865219
18/03/2022,929397
19/03/2022,992661
20/03/2022,961741
21/03/2022,859106
22/03/2022,862378
23/03/2022,861039
24/03/2022,867249
25/03/2022,930974
26/03/2022,988497
27/03/2022,974648
28/03/2022,860604
29/03/2022,845448
30/03/2022,834647
31/03/2022,857775
01/04/2022,907091
02/04/2022,988925
03/04/2022,1016762
04/04/2022,889897
05/04/2022,837758
06/04/2022,831510
07/04/2022,823134
08/04/2022,890740
09/04/2022,953968
10/04/2022,944287
11/04/2022,831263
12/04/2022,863370
13/04/2022,851853
14/04/2022,852106
15/04/2022,949209
16/04/2022,914970
17/04/2022,910203
18/04/2022,850323
19/04/2022,822907
20/04/2022,839444
21/04/2022,836345
22/04/2022,891414
23/04/2022,904636
24/04/2022,896548
25/04/2022,844499
26/04/2022,800360
27/04/2022,829757
28/04/2022,842477
29/04/2022,867334
30/04/2022,902768
01/05/2022,896132
02/05/2022,864464
03/05/2022,876108
04/05/2022,820351
05/05/2022,816955
06/05/2022,814973
07/05/2022,903568
08/05/2022,884024
09/05/2022,815555
10/05/2022,814410
11/05/2022,807177
12/05/2022,801251
13/05/2022,826123
14/05/2022,817740
15/05/2022,833411
16/05/2022,786069
17/05/2022,799740
18/05/2022,832306
19/05/2022,835022
20/05/2022,815825
21/05/2022,875790
22/05/2022,875257
23/05/2022,833705
24/05/2022,799406
25/05/2022,823253
26/05/2022,858965
27/05/2022,914368
28/05/2022,932681
29/05/2022,886821
30/05/2022,823790
31/05/2022,835938
01/06/2022,809755
02/06/2022,857481
03/06/2022,844840
04/06/2022,873635
05/06/2022,884564
06/06/2022,854341
07/06/2022,836077
08/06/2022,830607
09/06/2022,812338
10/06/2022,878625
11/06/2022,902934
12/06/2022,887863
13/06/2022,840048
14/06/2022,830677
15/06/2022,787131
16/06/2022,815691
17/06/2022,874841
18/06/2022,888644
19/06/2022,906968
20/06/2022,872130
21/06/2022,868270
22/06/2022,860313
23/06/2022,820734
24/06/2022,818548
25/06/2022,833198
26/06/2022,855647
27/06/2022,817909
28/06/2022,812268
29/06/2022,798738
30/06/2022,808462
01/07/2022,821872
02/07/2022,901496
03/07/2022,881860
04/07/2022,841259
05/07/2022,829798
06/07/2022,842990
07/07/2022,839525
08/07/2022,829474
09/07/2022,841238
10/07/2022,864271
11/07/2022,845782
12/07/2022,848298
13/07/2022,831308
14/07/2022,838217
15/07/2022,824655
16/07/2022,825424
17/07/2022,881284
18/07/2022,876251
19/07/2022,874214
20/07/2022,857109
21/07/2022,864113
22/07/2022,896012
23/07/2022,877675
24/07/2022,895357
25/07/2022,885085
26/07/2022,887220
27/07/2022,886328
28/07/2022,900249
29/07/2022,891072
30/07/2022,894774
31/07/2022,928329
01/08/2022,889822
02/08/2022,927907
03/08/2022,906948
04/08/2022,881757
05/08/2022,910838
06/08/2022,904151
07/08/2022,936670
08/08/2022,919166
09/08/2022,713107
10/08/2022,882486
11/08/2022,886021
12/08/2022,884195
13/08/2022,895423
14/08/2022,925109
15/08/2022,909721
16/08/2022,936431
17/08/2022,1039889
18/08/2022,987884
19/08/2022,976632
20/08/2022,999043
21/08/2022,1010603
22/08/2022,986054
23/08/2022,991521
24/08/2022,964145
25/08/2022,958536
26/08/2022,947881
27/08/2022,966390
28/08/2022,1025980
29/08/2022,1013093
30/08/2022,993654
31/08/2022,980503
01/09/2022,960712
02/09/2022,993276
03/09/2022,1029453
04/09/2022,1035897
05/09/2022,950916
06/09/2022,941706
07/09/2022,939398
08/09/2022,938845
09/09/2022,1016382
10/09/2022,1029224
11/09/2022,1062931
12/09/2022,943540
13/09/2022,932805
14/09/2022,941634
15/09/2022,948562
16/09/2022,1030797
17/09/2022,1103223
18/09/2022,1077583
19/09/2022,967100
20/09/2022,938549
21/09/2022,937102
22/09/2022,933443
23/09/2022,997564
24/09/2022,1066689
25/09/2022,1029255
26/09/2022,921864
27/09/2022,925270
28/09/2022,909753
29/09/2022,921840
30/09/2022,993507
01/10/2022,1024497
02/10/2022,1049806
03/10/2022,975115
04/10/2022,956481
05/10/2022,966040
06/10/2022,947347
07/10/2022,954774
08/10/2022,989650
09/10/2022,1007712
10/10/2022,921957
11/10/2022,918764
12/10/2022,910096
13/10/2022,915953
14/10/2022,996018
15/10/2022,1035036
16/10/2022,998179
17/10/2022,921393
18/10/2022,920633
19/10/2022,935161
20/10/2022,949319
21/10/2022,1017700
22/10/2022,1090858
23/10/2022,1050184
24/10/2022,956805
25/10/2022,951850
26/10/2022,944075
27/10/2022,974044
28/10/2022,1027004
29/10/2022,1036937
30/10/2022,1020617
31/10/2022,922970
01/11/2022,942968
02/11/2022,932946
03/11/2022,945721
04/11/2022,1045002
05/11/2022,1076999
06/11/2022,1051449
07/11/2022,930818
08/11/2022,949775
09/11/2022,956606
10/11/2022,948412
11/11/2022,1040817
12/11/2022,1105409
13/11/2022,1103567
14/11/2022,962564
15/11/2022,980062
16/11/2022,948658
17/11/2022,959421
18/11/2022,1045988
19/11/2022,1132952
20/11/2022,1079232
21/11/2022,881434
22/11/2022,956040
23/11/2022,853328
24/11/2022,861593
25/11/2022,981008
26/11/2022,1053250
27/11/2022,1041487
28/11/2022,925029
29/11/2022,936314
30/11/2022,930612
01/12/2022,912225
02/12/2022,992543
03/12/2022,1067327
04/12/2022,1050857
05/12/2022,921228
06/12/2022,729765
07/12/2022,919652
08/12/2022,894986
09/12/2022,938776
10/12/2022,1001231
11/12/2022,972857
12/12/2022,856206
13/12/2022,852245
14/12/2022,857848
15/12/2022,865205
16/12/2022,916129
17/12/2022,970767
18/12/2022,996584
19/12/2022,870627
20/12/2022,879829
21/12/2022,900135
22/12/2022,923641
23/12/2022,952527
24/12/2022,980649
25/12/2022,961107
26/12/2022,935407
27/12/2022,932387
28/12/2022,973174
29/12/2022,979704
30/12/2022,1011922
31/12/2022,950459
01/01/2023,969910
02/01/2023,997255
03/01/2023,998290
04/01/2023,1018520
05/01/2023,1000680
06/01/2023,1066254
07/01/2023,1088544
08/01/2023,1133708
09/01/2023,1049338
10/01/2023,1089371
11/01/2023,1050932
12/01/2023,994121
13/01/2023,1026134
14/01/2023,1084042
15/01/2023,1125630
16/01/2023,949073
17/01/2023,996052
18/01/2023,974806
19/01/2023,988367
20/01/2023,997149
21/01/2023,1005266
22/01/2023,1090554
23/01/2023,970396
24/01/2023,998693
25/01/2023,1002360
26/01/2023,1033959
27/01/2023,1072984
28/01/2023,1150643
29/01/2023,1200077
30/01/2023,1074059
31/01/2023,1091825
01/02/2023,1070455
02/02/2023,1115945
03/02/2023,1123605
04/02/2023,1218863
05/02/2023,1250740
06/02/2023,1101798
07/02/2023,1090329
08/02/2023,1103009
09/02/2023,1101682
10/02/2023,1275074
11/02/2023,1320219
12/02/2023,1299983
13/02/2023,1170750
14/02/2023,1120722
15/02/2023,1162649
16/02/2023,1167926
17/02/2023,1237913
18/02/2023,1316929
19/02/2023,1324800
20/02/2023,1200370
21/02/2023,1222001
22/02/2023,1237108
23/02/2023,1255789
24/02/2023,1295397
25/02/2023,1349390
26/02/2023,1355797
27/02/2023,1189343
28/02/2023,1218697
01/03/2023,1211398
02/03/2023,1219977
03/03/2023,1279192
04/03/2023,1365274
05/03/2023,1378447
06/03/2023,1216801
07/03/2023,1246598
08/03/2023,1251723
09/03/2023,1272100
10/03/2023,1342214
11/03/2023,1420183
12/03/2023,1410348
13/03/2023,1255606
14/03/2023,1256684
15/03/2023,1254108
16/03/2023,1277046
17/03/2023,1326562
18/03/2023,1379598
19/03/2023,1363586
20/03/2023,1250196
21/03/2023,1255930
22/03/2023,1288691
23/03/2023,1404115
24/03/2023,1415826
25/03/2023,1507212
26/03/2023,1519457
27/03/2023,1362176
28/03/2023,1402070
29/03/2023,1347642
30/03/2023,1375866
31/03/2023,1427632
01/04/2023,1476961
02/04/2023,1511946
03/04/2023,1397017
04/04/2023,1449552
05/04/2023,1381271
06/04/2023,1419084
07/04/2023,1459519
08/04/2023,1448795
09/04/2023,1393830
10/04/2023,1411321
11/04/2023,1369609
12/04/2023,1365336
13/04/2023,1369354
14/04/2023,1491992
15/04/2023,1514410
16/04/2023,1487327
17/04/2023,1379517
18/04/2023,1392057
19/04/2023,1409711
20/04/2023,1400005
21/04/2023,1457137
22/04/2023,1447888
23/04/2023,1492061
24/04/2023,1397249
25/04/2023,1458950
26/04/2023,1375872
27/04/2023,1365255
28/04/2023,1351441
29/04/2023,1337968
30/04/2023,1438597
01/05/2023,1456155
02/05/2023,1364238
03/05/2023,1463272
04/05/2023,1486111
05/05/2023,1557335
06/05/2023,1818773
07/05/2023,1804106
08/05/2023,1221899
